-- phpMyAdmin SQL Dump
-- version 5.2.1
-- https://www.phpmyadmin.net/
--
-- Host: 127.0.0.1
-- Generation Time: Jun 06, 2026 at 04:03 PM
-- Server version: 10.4.32-MariaDB
-- PHP Version: 8.0.30

SET SQL_MODE = "NO_AUTO_VALUE_ON_ZERO";
START TRANSACTION;
SET time_zone = "+00:00";


/*!40101 SET @OLD_CHARACTER_SET_CLIENT=@@CHARACTER_SET_CLIENT */;
/*!40101 SET @OLD_CHARACTER_SET_RESULTS=@@CHARACTER_SET_RESULTS */;
/*!40101 SET @OLD_COLLATION_CONNECTION=@@COLLATION_CONNECTION */;
/*!40101 SET NAMES utf8mb4 */;

--
-- Database: `printprodb`
--

-- --------------------------------------------------------

--
-- Table structure for table `customization`
--

CREATE TABLE `customization` (
  `customization_id` int(11) NOT NULL,
  `file_id` int(11) NOT NULL,
  `paper_size` varchar(50) NOT NULL,
  `gsm` varchar(50) NOT NULL,
  `paper_texture` varchar(50) NOT NULL,
  `copies` int(11) NOT NULL,
  `total_price` decimal(10,2) NOT NULL
) ENGINE=InnoDB DEFAULT CHARSET=utf8mb4 COLLATE=utf8mb4_general_ci;

--
-- Dumping data for table `customization`
--

INSERT INTO `customization` (`customization_id`, `file_id`, `paper_size`, `gsm`, `paper_texture`, `copies`, `total_price`) VALUES
(1, 1, 'A4 (8.27 x 11.69 in)', '70', 'Cast-coated', 5, 160.00),
(2, 2, 'A4 (8.27 x 11.69 in)', '100', 'Glossy', 5, 225.00),
(3, 3, 'A4 (8.27 x 11.69 in)', '70', 'Matte Finish', 2, 56.00),
(4, 4, 'A4 (8.27 x 11.69 in)', '120', 'Glossy', 20, 1100.00),
(5, 5, 'Letter (8.5 x 11 in)', '120', 'Matte Finish', 10, 580.00),
(6, 6, 'Legal (8.5 x 14 in)', '180', 'Semi-gloss', 5, 455.00),
(7, 7, 'A8 (2.05 x 2.83 in)', '80', 'Semi-gloss', 9, 153.00),
(8, 8, 'A10 (1.02 x 1.42 in)', '100', 'Glossy', 10, 300.00),
(9, 9, 'A8 (2.05 x 2.83 in)', '90', 'Cast-coated', 6, 168.00),
(10, 10, 'A8 (2.05 x 2.83 in)', '70', 'Cast-coated', 10, 180.00),
(11, 11, 'Letter (8.5 x 11 in)', '90', 'Semi-gloss', 10, 410.00),
(12, 12, 'A1 (29.7 x 42 in)', '80', 'Cast-coated', 6, 702.00),
(13, 13, 'A4 (8.27 x 11.69 in)', '80', 'Cast-coated', 10, 370.00),
(14, 14, 'A4 (8.27 x 11.69 in)', '100', 'Cast-coated', 10, 470.00),
(15, 17, 'A2 (21 x 29.7 in)', '70', 'Glossy', 4, 360.00),
(16, 18, 'A4 (8.27 x 11.69 in)', '100', 'Glossy', 10, 427.50),
(17, 19, 'A4 (8.27 x 11.69 in)', '100', 'Glossy', 10, 427.50),
(18, 20, 'A4 (8.27 x 11.69 in)', '100', 'Glossy', 10, 427.50),
(19, 21, 'A4 (8.27 x 11.69 in)', '100', 'Glossy', 10, 427.50),
(20, 22, 'A4 (8.27 x 11.69 in)', '100', 'Glossy', 10, 427.50),
(21, 23, 'A4 (8.27 x 11.69 in)', '100', 'Glossy', 10, 427.50),
(22, 24, 'A4 (8.27 x 11.69 in)', '100', 'Glossy', 10, 427.50),
(23, 25, 'A4 (8.27 x 11.69 in)', '100', 'Glossy', 10, 450.00);

-- --------------------------------------------------------

--
-- Table structure for table `file_upload`
--

CREATE TABLE `file_upload` (
  `file_id` int(11) NOT NULL,
  `user_id` int(11) NOT NULL,
  `image1` varchar(255) NOT NULL,
  `image2` varchar(255) DEFAULT NULL,
  `upload_date` datetime NOT NULL
) ENGINE=InnoDB DEFAULT CHARSET=utf8mb4 COLLATE=utf8mb4_general_ci;

--
-- Dumping data for table `file_upload`
--

INSERT INTO `file_upload` (`file_id`, `user_id`, `image1`, `image2`, `upload_date`) VALUES
(1, 1, 'uploaded_files/img_front_6a09f9554f7a19.95319110.png', '', '2026-05-18 01:22:29'),
(2, 1, 'uploaded_files/img_front_6a0c8b6c3cad38.12597309.png', 'uploaded_files/img_back_6a0c8b6c3ea1b5.06348112.png', '2026-05-20 00:10:20'),
(3, 1, 'uploaded_files/img_front_6a0e6c902a48f5.41684382.png', '', '2026-05-21 10:23:12'),
(4, 1, 'uploaded_files/img_front_6a0e6cb2d167e3.30021312.png', '', '2026-05-21 10:23:46'),
(5, 1, 'uploaded_files/img_front_6a0e6ccead2a06.05442471.png', '', '2026-05-21 10:24:14'),
(6, 1, 'uploaded_files/img_front_6a0e6cf00df5d3.66581310.png', '', '2026-05-21 10:24:48'),
(7, 1, 'uploaded_files/img_front_6a0e6d0d284ca0.82395059.jpg', '', '2026-05-21 10:25:17'),
(8, 1, 'uploaded_files/img_front_6a0e6d30545433.35108192.png', '', '2026-05-21 10:25:52'),
(9, 1, 'uploaded_files/img_front_6a0e97383f7b17.80751354.png', '', '2026-05-21 13:25:12'),
(10, 1, 'uploaded_files/img_front_6a0e9765195e75.79349269.png', '', '2026-05-21 13:25:57'),
(11, 1, 'uploaded_files/img_front_6a11b2004808f4.31497076.jpg', '', '2026-05-23 21:56:16'),
(12, 1, 'uploaded_files/img_front_6a16c8c7b5fe20.79582058.jpg', '', '2026-05-27 18:34:47'),
(13, 4, 'uploaded_files/img_front_6a1ae943aa6710.98339936.png', '', '2026-05-30 21:42:27'),
(14, 1, 'uploaded_files/img_front_6a1ff95836ab49.93511598.png', '', '2026-06-03 17:52:24'),
(15, 1, 'uploaded_files/img_front_6a1ff9ca3fb736.34520004.png', '', '2026-06-03 17:54:18'),
(16, 1, 'uploaded_files/img_front_6a1ff9d0ba9e28.93625653.png', '', '2026-06-03 17:54:24'),
(17, 1, 'uploaded_files/img_front_6a1ff9e1405254.31313076.png', '', '2026-06-03 17:54:41'),
(18, 1, 'uploaded_files/img_front_6a2192b57f7bf9.27036322.png', '', '2026-06-04 22:59:01'),
(19, 1, 'uploaded_files/img_front_6a22100bc87af4.58377815.png', '', '2026-06-05 07:53:47'),
(20, 1, 'uploaded_files/img_front_6a221126a826b7.50974763.png', '', '2026-06-05 07:58:30'),
(21, 1, 'uploaded_files/img_front_6a2212d95d3614.08254957.png', '', '2026-06-05 08:05:45'),
(22, 1, 'uploaded_files/img_front_6a22131da988d9.08020769.png', '', '2026-06-05 08:06:53'),
(23, 1, 'uploaded_files/img_front_6a221532cfe467.76967166.png', '', '2026-06-05 08:15:46'),
(24, 1, 'uploaded_files/img_front_6a2216974f3f11.30292824.png', '', '2026-06-05 08:21:43'),
(25, 1, 'uploaded_files/img_front_6a221bff665f75.98662362.png', '', '2026-06-05 08:44:47');

-- --------------------------------------------------------

--
-- Table structure for table `orders`
--

CREATE TABLE `orders` (
  `order_id` int(11) NOT NULL,
  `user_id` int(11) NOT NULL,
  `order_date` datetime NOT NULL,
  `order_status` enum('pending','processing','completed','cancelled','ready for pickup') NOT NULL DEFAULT 'pending',
  `total_amount` decimal(10,2) NOT NULL,
  `payment_status` enum('unpaid','paid','refunded') NOT NULL DEFAULT 'unpaid'
) ENGINE=InnoDB DEFAULT CHARSET=utf8mb4 COLLATE=utf8mb4_general_ci;

--
-- Dumping data for table `orders`
--

INSERT INTO `orders` (`order_id`, `user_id`, `order_date`, `order_status`, `total_amount`, `payment_status`) VALUES
(1, 1, '2026-05-18 01:22:36', 'completed', 160.00, 'unpaid'),
(2, 1, '2026-05-20 00:10:34', 'cancelled', 225.00, 'unpaid'),
(3, 1, '2026-05-21 10:26:09', 'ready for pickup', 862.60, 'unpaid'),
(4, 1, '2026-05-21 10:26:18', 'pending', 1596.00, 'unpaid'),
(5, 1, '2026-05-21 10:26:24', 'processing', 56.00, 'unpaid'),
(6, 1, '2026-05-23 21:56:29', 'pending', 410.00, 'unpaid'),
(7, 1, '2026-05-24 00:02:29', 'pending', 180.00, 'unpaid'),
(8, 1, '2026-05-27 18:27:48', 'cancelled', 168.00, 'refunded'),
(9, 1, '2026-05-27 18:35:05', 'completed', 702.00, 'paid'),
(10, 1, '2026-06-05 08:06:57', 'pending', 427.50, 'unpaid'),
(11, 1, '2026-06-05 08:44:58', 'pending', 450.00, 'unpaid');

-- --------------------------------------------------------

--
-- Table structure for table `order_check_out`
--

CREATE TABLE `order_check_out` (
  `checkout_id` int(11) NOT NULL,
  `order_id` int(11) NOT NULL,
  `payment_method` enum('cash','credit/debit card') NOT NULL,
  `delivery_method` varchar(255) NOT NULL,
  `checkout_date` datetime NOT NULL
) ENGINE=InnoDB DEFAULT CHARSET=utf8mb4 COLLATE=utf8mb4_general_ci;

--
-- Dumping data for table `order_check_out`
--

INSERT INTO `order_check_out` (`checkout_id`, `order_id`, `payment_method`, `delivery_method`, `checkout_date`) VALUES
(1, 1, 'cash', 'Pickup Only', '2026-05-18 01:22:36'),
(2, 2, 'cash', 'Pickup Only', '2026-05-20 00:10:34'),
(3, 3, 'cash', 'Pickup Only', '2026-05-21 10:26:09'),
(4, 4, 'cash', 'Pickup Only', '2026-05-21 10:26:18'),
(5, 5, 'cash', 'Pickup Only', '2026-05-21 10:26:24'),
(6, 6, '', 'Pickup Only', '2026-05-23 21:56:29'),
(7, 7, '', 'Pickup Only', '2026-05-24 00:02:29'),
(8, 8, '', 'Pickup Only', '2026-05-27 18:27:48'),
(9, 9, 'credit/debit card', 'Pickup Only', '2026-05-27 18:35:05'),
(10, 10, 'cash', 'Pickup Only', '2026-06-05 08:06:57'),
(11, 11, 'cash', 'Pickup Only', '2026-06-05 08:44:58');

-- --------------------------------------------------------

--
-- Table structure for table `order_details`
--

CREATE TABLE `order_details` (
  `order_detail_id` int(11) NOT NULL,
  `order_id` int(11) NOT NULL,
  `cart_item_id` int(11) NOT NULL,
  `quantity` int(11) NOT NULL,
  `unit_price` decimal(10,2) NOT NULL,
  `subtotal` decimal(10,2) NOT NULL,
  `total_price` decimal(10,2) NOT NULL
) ENGINE=InnoDB DEFAULT CHARSET=utf8mb4 COLLATE=utf8mb4_general_ci;

--
-- Dumping data for table `order_details`
--

INSERT INTO `order_details` (`order_detail_id`, `order_id`, `cart_item_id`, `quantity`, `unit_price`, `subtotal`, `total_price`) VALUES
(3, 1, 1, 5, 32.00, 160.00, 160.00),
(4, 2, 2, 5, 45.00, 225.00, 225.00),
(5, 3, 8, 10, 30.00, 300.00, 300.00),
(6, 3, 7, 9, 17.00, 153.00, 153.00),
(7, 3, 6, 5, 91.00, 455.00, 455.00),
(8, 4, 5, 10, 58.00, 580.00, 580.00),
(9, 4, 4, 20, 55.00, 1100.00, 1100.00),
(10, 5, 3, 2, 28.00, 56.00, 56.00),
(11, 6, 11, 10, 41.00, 410.00, 410.00),
(12, 7, 10, 10, 18.00, 180.00, 180.00),
(13, 8, 9, 6, 28.00, 168.00, 168.00),
(14, 9, 12, 6, 117.00, 702.00, 702.00),
(15, 10, 20, 10, 42.75, 427.50, 427.50),
(16, 11, 23, 10, 45.00, 450.00, 450.00);

-- --------------------------------------------------------

--
-- Table structure for table `order_summary`
--

CREATE TABLE `order_summary` (
  `summary_id` int(11) NOT NULL,
  `order_id` int(11) NOT NULL,
  `quantity` int(11) NOT NULL,
  `subtotal` decimal(10,2) NOT NULL,
  `discount` decimal(10,2) NOT NULL,
  `grand_total` decimal(10,2) NOT NULL
) ENGINE=InnoDB DEFAULT CHARSET=utf8mb4 COLLATE=utf8mb4_general_ci;

--
-- Dumping data for table `order_summary`
--

INSERT INTO `order_summary` (`summary_id`, `order_id`, `quantity`, `subtotal`, `discount`, `grand_total`) VALUES
(1, 1, 1, 160.00, 0.00, 160.00),
(2, 2, 1, 225.00, 0.00, 225.00),
(3, 3, 3, 908.00, 45.40, 862.00),
(4, 4, 2, 1680.00, 84.00, 1596.00),
(5, 5, 1, 56.00, 0.00, 56.00),
(6, 6, 1, 410.00, 0.00, 410.00),
(7, 7, 1, 180.00, 0.00, 180.00),
(8, 8, 1, 168.00, 0.00, 168.00),
(9, 9, 1, 702.00, 0.00, 702.00),
(10, 10, 1, 427.50, 0.00, 427.00),
(11, 11, 1, 450.00, 0.00, 450.00);

-- --------------------------------------------------------

--
-- Table structure for table `paper_gsm_inventory`
--

CREATE TABLE `paper_gsm_inventory` (
  `paper_gsm_id` int(11) NOT NULL,
  `paper_gsm` int(11) NOT NULL,
  `stock_quantity` int(11) NOT NULL,
  `is_available` tinyint(1) DEFAULT 1
) ENGINE=InnoDB DEFAULT CHARSET=utf8mb4 COLLATE=utf8mb4_general_ci;

--
-- Dumping data for table `paper_gsm_inventory`
--

INSERT INTO `paper_gsm_inventory` (`paper_gsm_id`, `paper_gsm`, `stock_quantity`, `is_available`) VALUES
(1, 70, 88, 1),
(2, 80, 85, 1),
(3, 90, 84, 1),
(4, 100, 65, 1),
(5, 110, 100, 1),
(6, 120, 70, 1),
(7, 150, 100, 1),
(8, 180, 95, 1),
(9, 220, 100, 1),
(10, 250, 100, 1),
(11, 300, 100, 1);

-- --------------------------------------------------------

--
-- Table structure for table `paper_size_inventory`
--

CREATE TABLE `paper_size_inventory` (
  `paper_size_id` int(11) NOT NULL,
  `paper_size` varchar(30) NOT NULL,
  `stock_quantity` int(11) NOT NULL,
  `is_available` tinyint(1) DEFAULT 1
) ENGINE=InnoDB DEFAULT CHARSET=utf8mb4 COLLATE=utf8mb4_general_ci;

--
-- Dumping data for table `paper_size_inventory`
--

INSERT INTO `paper_size_inventory` (`paper_size_id`, `paper_size`, `stock_quantity`, `is_available`) VALUES
(1, 'A0 (33.11 x 46.81 in)', 100, 1),
(2, 'A1 (29.7 x 42 in)', 94, 1),
(3, 'A2 (21 x 29.7 in)', 100, 1),
(4, 'A3 (14.8 x 21 in)', 100, 1),
(5, 'A4 (8.27 x 11.69 in)', 53, 1),
(6, 'A5 (5.83 x 8.27 in)', 100, 1),
(7, 'A6 (4.13 x 5.83 in)', 100, 1),
(8, 'A7 (2.83 x 4.13 in)', 100, 1),
(9, 'A8 (2.05 x 2.83 in)', 75, 1),
(10, 'A9 (1.42 x 2.05 in)', 100, 1),
(11, 'A10 (1.02 x 1.42 in)', 90, 1),
(12, 'B0 (39.37 x 55.91 in)', 100, 1),
(13, 'B1 (27.95 x 39.37 in)', 100, 1),
(14, 'B2 (19.69 x 27.95 in)', 100, 1),
(15, 'B3 (13.78 x 19.69 in)', 100, 1),
(16, 'B4 (9.84 x 13.78 in)', 100, 1),
(17, 'B5 (6.89 x 9.84 in)', 100, 1),
(18, 'B6 (4.92 x 6.89 in)', 100, 1),
(19, 'B7 (3.46 x 4.92 in)', 100, 1),
(20, 'B8 (2.44 x 3.46 in)', 100, 1),
(21, 'B9 (1.77 x 2.44 in)', 100, 1),
(22, 'B10 (1.22 x 1.77 in)', 100, 1),
(23, 'Tabloid (11 x 17 in)', 100, 1),
(24, 'Letter (8.5 x 11 in)', 80, 1),
(25, 'Legal (8.5 x 14 in)', 95, 1);

-- --------------------------------------------------------

--
-- Table structure for table `paper_texture_inventory`
--

CREATE TABLE `paper_texture_inventory` (
  `paper_texture_id` int(11) NOT NULL,
  `paper_texture` varchar(20) NOT NULL,
  `stock_quantity` int(11) NOT NULL,
  `is_available` tinyint(1) DEFAULT 1
) ENGINE=InnoDB DEFAULT CHARSET=utf8mb4 COLLATE=utf8mb4_general_ci;

--
-- Dumping data for table `paper_texture_inventory`
--

INSERT INTO `paper_texture_inventory` (`paper_texture_id`, `paper_texture`, `stock_quantity`, `is_available`) VALUES
(1, 'Glossy', 45, 1),
(2, 'Matte Finish', 88, 1),
(3, 'Semi-gloss', 76, 1),
(4, 'Cast-coated', 78, 1);

-- --------------------------------------------------------

--
-- Table structure for table `products`
--

CREATE TABLE `products` (
  `product_id` int(11) NOT NULL,
  `category_id` int(11) NOT NULL,
  `product_name` varchar(150) NOT NULL
) ENGINE=InnoDB DEFAULT CHARSET=utf8mb4 COLLATE=utf8mb4_general_ci;

--
-- Dumping data for table `products`
--

INSERT INTO `products` (`product_id`, `category_id`, `product_name`) VALUES
(1, 1, 'Flyers'),
(2, 1, 'Postcards'),
(3, 1, 'Posters'),
(4, 2, 'Business Cards'),
(5, 1, 'Brochures'),
(6, 3, 'Invitations'),
(7, 4, 'Magazine Covers'),
(8, 2, 'Resumes');

-- --------------------------------------------------------

--
-- Table structure for table `product_category`
--

CREATE TABLE `product_category` (
  `category_id` int(11) NOT NULL,
  `category_name` varchar(100) NOT NULL
) ENGINE=InnoDB DEFAULT CHARSET=utf8mb4 COLLATE=utf8mb4_general_ci;

--
-- Dumping data for table `product_category`
--

INSERT INTO `product_category` (`category_id`, `category_name`) VALUES
(1, 'Marketing Materials'),
(2, 'Business & Corporate'),
(3, 'Events'),
(4, 'Publication Covers');

-- --------------------------------------------------------

--
-- Table structure for table `shopping_cart`
--

CREATE TABLE `shopping_cart` (
  `cart_id` int(11) NOT NULL,
  `user_id` int(11) NOT NULL,
  `created_at` datetime NOT NULL,
  `updated_at` datetime NOT NULL,
  `cart_status` enum('active','checked_out') NOT NULL DEFAULT 'active'
) ENGINE=InnoDB DEFAULT CHARSET=utf8mb4 COLLATE=utf8mb4_general_ci;

--
-- Dumping data for table `shopping_cart`
--

INSERT INTO `shopping_cart` (`cart_id`, `user_id`, `created_at`, `updated_at`, `cart_status`) VALUES
(1, 1, '2026-05-18 01:22:29', '2026-06-05 08:44:47', 'active'),
(2, 4, '2026-05-30 21:42:27', '2026-05-30 21:42:27', 'active');

-- --------------------------------------------------------

--
-- Table structure for table `shopping_cart_items`
--

CREATE TABLE `shopping_cart_items` (
  `cart_item_id` int(11) NOT NULL,
  `cart_id` int(11) NOT NULL,
  `product_id` int(11) NOT NULL,
  `customization_id` int(11) NOT NULL,
  `unit_price` decimal(10,2) NOT NULL,
  `added_at` datetime NOT NULL,
  `is_selected` tinyint(1) NOT NULL DEFAULT 0,
  `cart_status` varchar(20) DEFAULT 'active',
  `paper_size` varchar(100) DEFAULT NULL,
  `paper_gsm` varchar(100) DEFAULT NULL,
  `paper_texture` varchar(100) DEFAULT NULL
) ENGINE=InnoDB DEFAULT CHARSET=utf8mb4 COLLATE=utf8mb4_general_ci;

--
-- Dumping data for table `shopping_cart_items`
--

INSERT INTO `shopping_cart_items` (`cart_item_id`, `cart_id`, `product_id`, `customization_id`, `unit_price`, `added_at`, `is_selected`, `cart_status`, `paper_size`, `paper_gsm`, `paper_texture`) VALUES
(1, 1, 2, 1, 160.00, '2026-05-18 01:22:29', 1, 'checked_out', 'A4 (8.27 x 11.69 in)', '70', 'Cast-coated'),
(2, 1, 4, 2, 225.00, '2026-05-20 00:10:20', 1, 'checked_out', 'A4 (8.27 x 11.69 in)', '100', 'Glossy'),
(3, 1, 8, 3, 56.00, '2026-05-21 10:23:12', 1, 'checked_out', 'A4 (8.27 x 11.69 in)', '70', 'Matte Finish'),
(4, 1, 6, 4, 1100.00, '2026-05-21 10:23:46', 1, 'checked_out', 'A4 (8.27 x 11.69 in)', '120', 'Glossy'),
(5, 1, 7, 5, 580.00, '2026-05-21 10:24:14', 1, 'checked_out', 'Letter (8.5 x 11 in)', '120', 'Matte Finish'),
(6, 1, 3, 6, 455.00, '2026-05-21 10:24:48', 1, 'checked_out', 'Legal (8.5 x 14 in)', '180', 'Semi-gloss'),
(7, 1, 1, 7, 153.00, '2026-05-21 10:25:17', 1, 'checked_out', 'A8 (2.05 x 2.83 in)', '80', 'Semi-gloss'),
(8, 1, 6, 8, 300.00, '2026-05-21 10:25:52', 1, 'checked_out', 'A10 (1.02 x 1.42 in)', '100', 'Glossy'),
(9, 1, 2, 9, 168.00, '2026-05-21 13:25:12', 1, 'checked_out', 'A8 (2.05 x 2.83 in)', '90', 'Cast-coated'),
(10, 1, 4, 10, 180.00, '2026-05-21 13:25:57', 1, 'checked_out', 'A8 (2.05 x 2.83 in)', '70', 'Cast-coated'),
(11, 1, 2, 11, 410.00, '2026-05-23 21:56:16', 1, 'checked_out', 'Letter (8.5 x 11 in)', '90', 'Semi-gloss'),
(12, 1, 1, 12, 702.00, '2026-05-27 18:34:47', 1, 'checked_out', 'A1 (29.7 x 42 in)', '80', 'Cast-coated'),
(14, 1, 8, 14, 470.00, '2026-06-03 17:52:24', 0, 'active', 'A4 (8.27 x 11.69 in)', '100', 'Cast-coated'),
(15, 1, 8, 15, 360.00, '2026-06-03 17:54:41', 0, 'active', 'A2 (21 x 29.7 in)', '70', 'Glossy'),
(16, 1, 1, 16, 427.50, '2026-06-04 22:59:01', 1, 'active', 'A4 (8.27 x 11.69 in)', '100', 'Glossy'),
(17, 1, 1, 17, 427.50, '2026-06-05 07:53:47', 0, 'active', 'A4 (8.27 x 11.69 in)', '100', 'Glossy'),
(18, 1, 1, 18, 427.50, '2026-06-05 07:58:30', 1, 'active', 'A4 (8.27 x 11.69 in)', '100', 'Glossy'),
(19, 1, 1, 19, 427.50, '2026-06-05 08:05:45', 1, 'active', 'A4 (8.27 x 11.69 in)', '100', 'Glossy'),
(20, 1, 1, 20, 427.50, '2026-06-05 08:06:53', 1, 'checked_out', 'A4 (8.27 x 11.69 in)', '100', 'Glossy'),
(21, 1, 1, 21, 427.50, '2026-06-05 08:15:46', 0, 'active', 'A4 (8.27 x 11.69 in)', '100', 'Glossy'),
(22, 1, 1, 22, 427.50, '2026-06-05 08:21:43', 0, 'active', 'A4 (8.27 x 11.69 in)', '100', 'Glossy'),
(23, 1, 1, 23, 450.00, '2026-06-05 08:44:47', 1, 'checked_out', 'A4 (8.27 x 11.69 in)', '100', 'Glossy');

-- --------------------------------------------------------

--
-- Table structure for table `users`
--

CREATE TABLE `users` (
  `user_id` int(11) NOT NULL,
  `first_name` varchar(50) NOT NULL,
  `middle_initial` varchar(10) DEFAULT NULL,
  `last_name` varchar(50) NOT NULL,
  `username` varchar(50) NOT NULL,
  `email` varchar(100) NOT NULL,
  `contact_number` varchar(50) NOT NULL,
  `user_password` varchar(255) NOT NULL,
  `occupation` varchar(50) NOT NULL
) ENGINE=InnoDB DEFAULT CHARSET=utf8mb4 COLLATE=utf8mb4_general_ci;

--
-- Dumping data for table `users`
--

INSERT INTO `users` (`user_id`, `first_name`, `middle_initial`, `last_name`, `username`, `email`, `contact_number`, `user_password`, `occupation`) VALUES
(1, 'John', 'C.', 'Doe', 'johndoe', 'johndoe@outlook.com', '92134567891', '$2y$10$XfmcxLT6CqtmtrvJO2Smyugyq/BndX4oHJSgGsydtksql1L6R.5wy', 'Part-Timer'),
(2, 'Juan Dela', 'C.', 'Cruz', 'juan delacruz', 'juandelacruz@yahoo.com', '91234567899', '$2y$10$yONgbC/Nubvu45jnrRkS2.4UCygkocrObkF4M9rmhhfd6k9so02/6', 'Business Owner'),
(3, 'John', 'P.', 'Nateo', 'johnnateo', 'johnpnateo@outlook.com', '09876543211', '$2y$10$boEUO3wzRMYDVqfvxk3dresdPy802OJchZCjPD3MtoEBcQQiJRCa2', 'Part-Timer'),
(4, 'Juan Dela', '', 'Doe', 'juan deladoe', 'ikigaiki24@gmail.com', '09265590713', '$2y$10$ZfpeaEyyzSl8.B4R5UCyG.HxOe4U912CasqFZuwo66FhzcxvnvSx2', 'Student');

--
-- Indexes for dumped tables
--

--
-- Indexes for table `customization`
--
ALTER TABLE `customization`
  ADD PRIMARY KEY (`customization_id`),
  ADD KEY `fk_file_customization` (`file_id`);

--
-- Indexes for table `file_upload`
--
ALTER TABLE `file_upload`
  ADD PRIMARY KEY (`file_id`),
  ADD KEY `fk_user_file` (`user_id`);

--
-- Indexes for table `orders`
--
ALTER TABLE `orders`
  ADD PRIMARY KEY (`order_id`),
  ADD KEY `fk_user_order` (`user_id`);

--
-- Indexes for table `order_check_out`
--
ALTER TABLE `order_check_out`
  ADD PRIMARY KEY (`checkout_id`),
  ADD KEY `fk_order_checkout` (`order_id`);

--
-- Indexes for table `order_details`
--
ALTER TABLE `order_details`
  ADD PRIMARY KEY (`order_detail_id`),
  ADD KEY `fk_order_details` (`order_id`),
  ADD KEY `fk_order_items` (`cart_item_id`);

--
-- Indexes for table `order_summary`
--
ALTER TABLE `order_summary`
  ADD PRIMARY KEY (`summary_id`),
  ADD KEY `fk_order_summary` (`order_id`);

--
-- Indexes for table `paper_gsm_inventory`
--
ALTER TABLE `paper_gsm_inventory`
  ADD PRIMARY KEY (`paper_gsm_id`);

--
-- Indexes for table `paper_size_inventory`
--
ALTER TABLE `paper_size_inventory`
  ADD PRIMARY KEY (`paper_size_id`);

--
-- Indexes for table `paper_texture_inventory`
--
ALTER TABLE `paper_texture_inventory`
  ADD PRIMARY KEY (`paper_texture_id`);

--
-- Indexes for table `products`
--
ALTER TABLE `products`
  ADD PRIMARY KEY (`product_id`),
  ADD KEY `fk_product_category` (`category_id`);

--
-- Indexes for table `product_category`
--
ALTER TABLE `product_category`
  ADD PRIMARY KEY (`category_id`);

--
-- Indexes for table `shopping_cart`
--
ALTER TABLE `shopping_cart`
  ADD PRIMARY KEY (`cart_id`),
  ADD KEY `fk_user_cart` (`user_id`);

--
-- Indexes for table `shopping_cart_items`
--
ALTER TABLE `shopping_cart_items`
  ADD PRIMARY KEY (`cart_item_id`),
  ADD KEY `fk_cart_item` (`cart_id`),
  ADD KEY `fk_cart_product` (`product_id`),
  ADD KEY `fk_cart_customization` (`customization_id`);

--
-- Indexes for table `users`
--
ALTER TABLE `users`
  ADD PRIMARY KEY (`user_id`);

--
-- AUTO_INCREMENT for dumped tables
--

--
-- AUTO_INCREMENT for table `customization`
--
ALTER TABLE `customization`
  MODIFY `customization_id` int(11) NOT NULL AUTO_INCREMENT, AUTO_INCREMENT=24;

--
-- AUTO_INCREMENT for table `file_upload`
--
ALTER TABLE `file_upload`
  MODIFY `file_id` int(11) NOT NULL AUTO_INCREMENT, AUTO_INCREMENT=26;

--
-- AUTO_INCREMENT for table `orders`
--
ALTER TABLE `orders`
  MODIFY `order_id` int(11) NOT NULL AUTO_INCREMENT, AUTO_INCREMENT=12;

--
-- AUTO_INCREMENT for table `order_check_out`
--
ALTER TABLE `order_check_out`
  MODIFY `checkout_id` int(11) NOT NULL AUTO_INCREMENT, AUTO_INCREMENT=12;

--
-- AUTO_INCREMENT for table `order_details`
--
ALTER TABLE `order_details`
  MODIFY `order_detail_id` int(11) NOT NULL AUTO_INCREMENT, AUTO_INCREMENT=17;

--
-- AUTO_INCREMENT for table `order_summary`
--
ALTER TABLE `order_summary`
  MODIFY `summary_id` int(11) NOT NULL AUTO_INCREMENT, AUTO_INCREMENT=12;

--
-- AUTO_INCREMENT for table `paper_gsm_inventory`
--
ALTER TABLE `paper_gsm_inventory`
  MODIFY `paper_gsm_id` int(11) NOT NULL AUTO_INCREMENT, AUTO_INCREMENT=12;

--
-- AUTO_INCREMENT for table `paper_size_inventory`
--
ALTER TABLE `paper_size_inventory`
  MODIFY `paper_size_id` int(11) NOT NULL AUTO_INCREMENT, AUTO_INCREMENT=26;

--
-- AUTO_INCREMENT for table `paper_texture_inventory`
--
ALTER TABLE `paper_texture_inventory`
  MODIFY `paper_texture_id` int(11) NOT NULL AUTO_INCREMENT, AUTO_INCREMENT=5;

--
-- AUTO_INCREMENT for table `products`
--
ALTER TABLE `products`
  MODIFY `product_id` int(11) NOT NULL AUTO_INCREMENT, AUTO_INCREMENT=9;

--
-- AUTO_INCREMENT for table `product_category`
--
ALTER TABLE `product_category`
  MODIFY `category_id` int(11) NOT NULL AUTO_INCREMENT, AUTO_INCREMENT=9;

--
-- AUTO_INCREMENT for table `shopping_cart`
--
ALTER TABLE `shopping_cart`
  MODIFY `cart_id` int(11) NOT NULL AUTO_INCREMENT, AUTO_INCREMENT=3;

--
-- AUTO_INCREMENT for table `shopping_cart_items`
--
ALTER TABLE `shopping_cart_items`
  MODIFY `cart_item_id` int(11) NOT NULL AUTO_INCREMENT, AUTO_INCREMENT=24;

--
-- AUTO_INCREMENT for table `users`
--
ALTER TABLE `users`
  MODIFY `user_id` int(11) NOT NULL AUTO_INCREMENT, AUTO_INCREMENT=5;

--
-- Constraints for dumped tables
--

--
-- Constraints for table `customization`
--
ALTER TABLE `customization`
  ADD CONSTRAINT `fk_file_customization` FOREIGN KEY (`file_id`) REFERENCES `file_upload` (`file_id`);

--
-- Constraints for table `file_upload`
--
ALTER TABLE `file_upload`
  ADD CONSTRAINT `fk_user_file` FOREIGN KEY (`user_id`) REFERENCES `users` (`user_id`);

--
-- Constraints for table `orders`
--
ALTER TABLE `orders`
  ADD CONSTRAINT `fk_user_order` FOREIGN KEY (`user_id`) REFERENCES `users` (`user_id`);

--
-- Constraints for table `order_check_out`
--
ALTER TABLE `order_check_out`
  ADD CONSTRAINT `fk_order_checkout` FOREIGN KEY (`order_id`) REFERENCES `orders` (`order_id`);

--
-- Constraints for table `order_details`
--
ALTER TABLE `order_details`
  ADD CONSTRAINT `fk_order_details` FOREIGN KEY (`order_id`) REFERENCES `orders` (`order_id`),
  ADD CONSTRAINT `fk_order_items` FOREIGN KEY (`cart_item_id`) REFERENCES `shopping_cart_items` (`cart_item_id`);

--
-- Constraints for table `order_summary`
--
ALTER TABLE `order_summary`
  ADD CONSTRAINT `fk_order_summary` FOREIGN KEY (`order_id`) REFERENCES `orders` (`order_id`);

--
-- Constraints for table `products`
--
ALTER TABLE `products`
  ADD CONSTRAINT `fk_product_category` FOREIGN KEY (`category_id`) REFERENCES `product_category` (`category_id`);

--
-- Constraints for table `shopping_cart`
--
ALTER TABLE `shopping_cart`
  ADD CONSTRAINT `fk_user_cart` FOREIGN KEY (`user_id`) REFERENCES `users` (`user_id`);

--
-- Constraints for table `shopping_cart_items`
--
ALTER TABLE `shopping_cart_items`
  ADD CONSTRAINT `fk_cart_customization` FOREIGN KEY (`customization_id`) REFERENCES `customization` (`customization_id`),
  ADD CONSTRAINT `fk_cart_item` FOREIGN KEY (`cart_id`) REFERENCES `shopping_cart` (`cart_id`),
  ADD CONSTRAINT `fk_cart_product` FOREIGN KEY (`product_id`) REFERENCES `products` (`product_id`);
COMMIT;

/*!40101 SET CHARACTER_SET_CLIENT=@OLD_CHARACTER_SET_CLIENT */;
/*!40101 SET CHARACTER_SET_RESULTS=@OLD_CHARACTER_SET_RESULTS */;
/*!40101 SET COLLATION_CONNECTION=@OLD_COLLATION_CONNECTION */;
